1,Starboy,"The Weeknd",4384301,https://open.spotify.com/track/7MXVkk9YMctZqd1Srtv4MB
2,Closer,"The Chainsmokers",3380937,https://open.spotify.com/track/7BKLCZ1jbUBVqRi2FVlTVw
3,"Black Beatles","Rae Sremmurd",3373248,https://open.spotify.com/track/6fujklziTHa8uoM5OQSfIo
4,"I Feel It Coming","The Weeknd",2815882,https://open.spotify.com/track/3dhjNA0jGA8vHBQ1VdD6vV
5,"Rockabye (feat. Sean Paul & Anne-Marie)","Clean Bandit",2795766,https://open.spotify.com/track/5knuzwU65gJK7IF5yJsuaW
6,"Don't Wanna Know","Maroon 5",2747094,https://open.spotify.com/track/5MFzQMkrl1FOOng9tq6R9r
7,"Let Me Love You","DJ Snake",2719813,https://open.spotify.com/track/4pdPtRcBmOSQDlJ3Fk945m
8,"Say You Won't Let Go","James Arthur",2586092,https://open.spotify.com/track/5uCax9HTNlzGybIStD3vDh
9,"Fake Love",Drake,2492471,https://open.spotify.com/track/6NMNgWgEAzde5M8U3lc6FN
10,"24K Magic","Bruno Mars",2431969,https://open.spotify.com/track/6b8Be6ljOzmkOmFslEb23P
11,"Cold Water (feat. Justin Bieber & MØ)","Major Lazer",2312219,https://open.spotify.com/track/6DNtNfH8hXkqOX1sjqmI7p
12,"The Greatest",Sia,2290330,https://open.spotify.com/track/6bLopGnirdrilrpdVB6Um1
13,"Side To Side","Ariana Grande",2200496,https://open.spotify.com/track/4pLwZjInHj3SimIyN9SnOz
14,"Party Monster","The Weeknd",2081985,https://open.spotify.com/track/4F7A0DXBrmUAkp32uenhZt
15,"In the Name of Love","Martin Garrix",2042936,https://open.spotify.com/track/23L5CiUhw2jV1OIMwthR3S
16,"My Way","Calvin Harris",1905590,https://open.spotify.com/track/1vvNmPOiUuyCbgWmtc6yfm
17,"One Dance",Drake,1891428,https://open.spotify.com/track/1xznGGDReH1oQq0xzbwXa3
18,"Call On Me - Ryan Riback Extended Remix",Starley,1865771,https://open.spotify.com/track/78rIJddV4X0HkNAInEcYde
19,Starving,"Hailee Steinfeld",1848935,https://open.spotify.com/track/6DG2g1UhROp5pnM8fx7zH2
20,"All We Know","The Chainsmokers",1817674,https://open.spotify.com/track/2rizacJSyD9S1IQUxUxnsK
21,Mercy,"Shawn Mendes",1599160,https://open.spotify.com/track/3OalxlWH0v14kyBcNBMINt
22,"All I Want for Christmas Is You","Mariah Carey",1519538,https://open.spotify.com/track/0bYg9bo50gSsH3LtXe2SQn
23,Heathens,"Twenty One Pilots",1514645,https://open.spotify.com/track/6i0V12jOa3mr6uu4WYhUBr
24,"Treat You Better","Shawn Mendes",1495691,https://open.spotify.com/track/76t5B0ttSAje5KHmQbv88t
25,Chantaje,Shakira,1467118,https://open.spotify.com/track/1WniHvhq9zTkny0WvGXX8o
26,"Don't Let Me Down","The Chainsmokers",1377879,https://open.spotify.com/track/1i1fxkWeaMmKEB4T7zqbzK
27,Rockin’,"The Weeknd",1348757,https://open.spotify.com/track/5HR4CYT5nPpFy8m9wJQgrr
28,"Scars To Your Beautiful","Alessia Cara",1334266,https://open.spotify.com/track/42ydLwx4i5V49RXHOozJZq
29,Sidewalks,"The Weeknd",1321324,https://open.spotify.com/track/4h90qkbnW1Qq6pBhoPvwko
30,"Bad Things - With Camila Cabello","Machine Gun Kelly",1312945,https://open.spotify.com/track/56cswAa9WdFBsjsTyPBAKA
31,"Love Me Now","John Legend",1277547,https://open.spotify.com/track/6nxQdXa1uAL0rY72wPZu89
32,"Six Feet Under","The Weeknd",1259136,https://open.spotify.com/track/4mU5iXHeLgbR94siF7p1sY
33,"The Mack",Nevada,1234908,https://open.spotify.com/track/7aV2mflaASUmGhCErm7kBO
34,Reminder,"The Weeknd",1173097,https://open.spotify.com/track/37F0uwRSrdzkBiuj0D5UHI
35,"We Don't Talk Anymore (feat. Selena Gomez)","Charlie Puth",1171647,https://open.spotify.com/track/06KyNuuMOX1ROXRhj787tj
36,"Fresh Eyes","Andy Grammer",1142432,https://open.spotify.com/track/4nMlau89VAjmV7agkl7OY3
37,"Shout Out to My Ex","Little Mix",1117609,https://open.spotify.com/track/0YHUITU3w6ws1v8ehT264g
38,"CAN'T STOP THE FEELING! (Original Song from DreamWorks Animation's ""TROLLS"")","Justin Timberlake",1113323,https://open.spotify.com/track/6JV2JOEocMgcZxYSZelKcc
39,"By Your Side","Jonas Blue",1096157,https://open.spotify.com/track/1D3ODoXHBLpdxolZRHWV1j
40,Sexual,NEIKED,1094368,https://open.spotify.com/track/3AsAuGTaDQzavZZThyYlop
41,"Reggaetón Lento (Bailemos)",CNCO,1073945,https://open.spotify.com/track/3AEZUABDXNtecAOSC1qTfo
42,"Broccoli (feat. Lil Yachty)",D.R.A.M.,1063641,https://open.spotify.com/track/7yyRTcZmCiyzzJlNzGC9Ol
43,"Cheap Thrills",Sia,1056195,https://open.spotify.com/track/27SdWb2rFzO6GWiYDBTD9j
44,Ride,"Twenty One Pilots",1054052,https://open.spotify.com/track/2Z8WuEywRWYTKe1NybPQEW
45,Safari,"J Balvin",1030684,https://open.spotify.com/track/6rQSrBHf7HlZjtcMZ4S4bO
46,"Vente Pa' Ca","Ricky Martin",1019862,https://open.spotify.com/track/7DM4BPaS7uofFul3ywMe46
47,"Otra Vez (feat. J Balvin)","Zion & Lennox",1016901,https://open.spotify.com/track/3QwBODjSEzelZyVjxPOHdq
48,"Perfect Strangers","Jonas Blue",1010075,https://open.spotify.com/track/1CUVN2kn7mW5FjkqXTR2W1
49,Secrets,"The Weeknd",1005170,https://open.spotify.com/track/00NAQYOP4AmWR549nnYJZu
50,"All Night","The Vamps",965993,https://open.spotify.com/track/1yNyoWWWikbLhwIGWjZuDW
51,Caroline,Aminé,959904,https://open.spotify.com/track/5GFDrUTLGJix84sNhjCG0g
52,Alone,"Alan Walker",944482,https://open.spotify.com/track/3ujORpm8Hf7QWEtfqSAZL8
53,Redbone,"Childish Gambino",943567,https://open.spotify.com/track/3kxfsdsCpFgN412fpnW85Y
54,Capsize,FRENSHIP,921208,https://open.spotify.com/track/3GBlLqIYgB8zWaeWDNJzdh
55,"i hate u, i love u (feat. olivia o'brien)",gnash,920383,https://open.spotify.com/track/7vRriwrloYVaoAe3a9wJHe
56,"This Is What You Came For","Calvin Harris",891389,https://open.spotify.com/track/0azC730Exh71aQlOt9Zj3y
57,"True Colors","The Weeknd",881896,https://open.spotify.com/track/1oGdVdYjeQvojGKDddxLQQ
58,"I Took A Pill In Ibiza - Seeb Remix","Mike Posner",881121,https://open.spotify.com/track/17Fd6Yb7mSbinKG8LoWfFl
59,"Setting Fires","The Chainsmokers",877566,https://open.spotify.com/track/0B8B8cVRFIG1yznoQe7c9s
60,"Die For You","The Weeknd",876188,https://open.spotify.com/track/2Ch7LmS7r2Gy2kc64wv3Bz
61,"Too Good",Drake,853975,https://open.spotify.com/track/11KJSRSgaDxqydKYiD2Jew
62,"Juju On That Beat (TZ Anthem)","Zay Hilfigerrr",851210,https://open.spotify.com/track/1lItf5ZXJc1by9SbPeljFd
63,"I Would Like","Zara Larsson",849761,https://open.spotify.com/track/0HVj61S4pQJdQhgZP61G65
64,"Now and Later","Sage The Gemini",829408,https://open.spotify.com/track/43jBqV3j3Xi1g6wO0bhIMd
65,"Sucker For Pain (with Wiz Khalifa, Imagine Dragons, Logic & Ty Dolla $ign feat. X Ambassadors)","Lil Wayne",815267,https://open.spotify.com/track/4dASQiO1Eoo3RJvt74FtXB
66,Alarm,Anne-Marie,810683,https://open.spotify.com/track/0OwX5aROoW1Iip8FV51Efg
67,"Bad and Boujee",Migos,802632,https://open.spotify.com/track/1FvU97lrWOG2NRxErh6OZz
68,"Last Christmas",Wham!,798551,https://open.spotify.com/track/2FRnf9qhLbvw8fu4IBXx78
69,"Trust Nobody","Cashmere Cat",795413,https://open.spotify.com/track/2RlcBZiskvuupu6pG8bsNe
70,"Shed A Light (feat. Cheat Codes)","Robin Schulz",775512,https://open.spotify.com/track/1cG0umU5TKStygKsPFZ9pY
71,"False Alarm","The Weeknd",769629,https://open.spotify.com/track/4oeaIftdpT3JuZLcCkKmVE
72,"You & Me","Marc E. Bassy",766197,https://open.spotify.com/track/4QdovcM8j50QPlyR7tH4xe
73,"Hymn For The Weekend - Seeb Remix",Coldplay,763698,https://open.spotify.com/track/6s3GEN8wK0OMzzzZbXj0fu
74,"Lot To Learn","Luke Christopher",757545,https://open.spotify.com/track/3TRFq09DUgYj1mug6RRqJW
75,"Stressed Out","Twenty One Pilots",755016,https://open.spotify.com/track/3CRDbSIZ4r5MsZ0YwxuEkn
76,Human,"Rag'n'Bone Man",746190,https://open.spotify.com/track/3erAiWBiKsbVG39cqCrsI0
77,"Love Yourself","Justin Bieber",740214,https://open.spotify.com/track/3hB5DgAiMAQ4DzYbsMq1IT
78,"Chill Bill","Rob $tone",737665,https://open.spotify.com/track/5uDASfU19gDxSjW8cnCaBp
79,Traicionera,"Sebastian Yatra",733984,https://open.spotify.com/track/5J1c3M4EldCfNxXwrwt8mT
80,"Bounce Back","Big Sean",731188,https://open.spotify.com/track/206uaQyzb8kOiZ7rHw9wCn
81,"The Ocean","Mike Perry",729715,https://open.spotify.com/track/2CPqh63wRVscbceKcPxwvv
82,Controlla,Drake,720437,https://open.spotify.com/track/4CpKEkdGbOJV51cSvx7SoG
83,Sneakin’,Drake,716885,https://open.spotify.com/track/4ckuS4Nj4FZ7i3Def3Br8W
84,"It's Beginning To Look A Lot Like Christmas","Michael Bublé",710756,https://open.spotify.com/track/5a1iz510sv2W9Dt1MvFd5R
85,Panda,Desiigner,710449,https://open.spotify.com/track/5OOkp4U9P9oL23maHFHL1h
86,Faded,"Alan Walker",710402,https://open.spotify.com/track/1brwdYwjltrJo7WHpIvbYt
87,"Work from Home","Fifth Harmony",710015,https://open.spotify.com/track/4tCtwWceOPWzenK2HAIJSb
88,"X (feat. Future)","21 Savage",707716,https://open.spotify.com/track/6fwdbPMwP1zVStm8FybmkO
89,"All I Know","The Weeknd",707353,https://open.spotify.com/track/0NWqNXBJTpXbkI5rPWNy3p
90,"This Town","Niall Horan",705199,https://open.spotify.com/track/5nA67Y0XX9JipZwYxX7Gl7
91,"Water Under the Bridge",Adele,698876,https://open.spotify.com/track/4vb4mFvYsr2h6enhjJsq9Y
92,Sorry,"Justin Bieber",696879,https://open.spotify.com/track/69bp2EbF7Q2rqc5N3ylezZ
93,"A Lonely Night","The Weeknd",694713,https://open.spotify.com/track/0ifooM33X1iBxVYyOkSbXW
94,"Send My Love (To Your New Lover)",Adele,682311,https://open.spotify.com/track/4BHzQ9C00ceJxfG16AlNWb
95,Work,Rihanna,669951,https://open.spotify.com/track/14WWzenpaEgQZlqPq2nk4v
96,Attention,"The Weeknd",668467,https://open.spotify.com/track/6pDVjCUA3B1vg9waKutAsv
97,"Needed Me",Rihanna,665841,https://open.spotify.com/track/1Tt4sE4pXi57mTD1GCzsqm
98,"Ordinary Life","The Weeknd",655907,https://open.spotify.com/track/15k2nBQJ0teDmPZHrOXL2N
99,"La Bicicleta","Carlos Vives",649770,https://open.spotify.com/track/43it4kot08akLzFIEMhXNN
100,"Love On Me",Galantis,645245,https://open.spotify.com/track/2MHCiOohBZEQuLgDTPvSzF
101,"Love To Lay","The Weeknd",644379,https://open.spotify.com/track/27BgDmciSjoxTG0almHTpZ
102,"Ain't My Fault","Zara Larsson",641753,https://open.spotify.com/track/4nA0biSjtvOL41Hd9MBXqR
103,"Steady 1234 (feat. Jasmine Thompson & Skizzy Mars)",Vice,639750,https://open.spotify.com/track/40UroIGvsMPLPBYwH8rMNA
104,"Sunset Lover","Petit Biscuit",619999,https://open.spotify.com/track/0hNduWmlWmEmuwEFcYvRu1
105,"Into You","Ariana Grande",619078,https://open.spotify.com/track/7yHEDfrJNd0zWOfXwydNH0
106,"I Got You","Bebe Rexha",616170,https://open.spotify.com/track/1FUViuNSldssMIawrOXF2i
107,"Light It Up (feat. Nyla & Fuse ODG) - Remix","Major Lazer",615813,https://open.spotify.com/track/6lDo13SSgTv0WbyUQKgnjk
108,Mistletoe,"Justin Bieber",612345,https://open.spotify.com/track/32OWobmyAz8J2qA8iWekyS
109,Photograph,"Ed Sheeran",609230,https://open.spotify.com/track/1HNkqx9Ahdgi1Ixy2xkKkL
110,"7 Years","Lukas Graham",608206,https://open.spotify.com/track/5kqIPrATaCc2LqxVWzQGbk
111,"Cake By The Ocean",DNCE,607667,https://open.spotify.com/track/76hfruVvmfQbw0eYn1nmeC
112,Middle,"DJ Snake",596000,https://open.spotify.com/track/4OZEu0Vwq0RB2LAq14v99n
113,"Dynamite (feat. Pretty Sister)",Nause,594387,https://open.spotify.com/track/2Ae5awwKvQpTBKQHr1TYCg
114,"No Heart","21 Savage",594155,https://open.spotify.com/track/4gmmRb6bZJffOOiww1JGTO
115,"Make Me (Cry)","Noah Cyrus",592334,https://open.spotify.com/track/2BrzlUj1u1CtvaJDGIKpsP
116,"Jingle Bell Rock","Bobby Helms",587422,https://open.spotify.com/track/74u8cWJGP8d8xsdD0pFoWg
117,"Nothing Without You","The Weeknd",584894,https://open.spotify.com/track/57qiTKh8bVX0VtfUNTQqhw
118,"Stargirl Interlude","The Weeknd",584398,https://open.spotify.com/track/4EDijkJdHBZZ0GwJ12iTAj
119,"Dancing On My Own","Calum Scott",583112,https://open.spotify.com/track/02WacdrRpm4zlP8H7X6bnQ
120,OOOUUU,"Young M.a.",582548,https://open.spotify.com/track/0D21XvHcVsIvJM6FcGY2BT
121,"It's the Most Wonderful Time of the Year","Andy Williams",567153,https://open.spotify.com/track/5hslUAKq9I9CG2bAulFkHN
122,"Final Song",MØ,565923,https://open.spotify.com/track/4qqArAiTPueDxIp7cf87h7
123,"This Girl (Kungs Vs. Cookin' On 3 Burners)",Kungs,554975,https://open.spotify.com/track/0tICYNayWWhH9GPeFrfjfD
124,"DUELE EL CORAZON","Enrique Iglesias",551675,https://open.spotify.com/track/6YZdkObH88npeKrrkb8Ggf
125,"pick up the phone","Young Thug",551432,https://open.spotify.com/track/20dP2DaMHIAmwWAbp7peSr
126,"Me and Your Mama","Childish Gambino",535669,https://open.spotify.com/track/4r0GVpjSsKSR1biv4fOoa5
127,"Santa Tell Me","Ariana Grande",530850,https://open.spotify.com/track/1ADjWm8QNhgNV8yCNNgQ1T
128,"Lean On (feat. MØ & DJ Snake)","Major Lazer",530031,https://open.spotify.com/track/4WjH9Bzt3kx7z8kl0awxh4
129,"Me, Myself & I",G-Eazy,525618,https://open.spotify.com/track/40YcuQysJ0KlGQTeGUosTC
130,"Cool Girl","Tove Lo",523276,https://open.spotify.com/track/5dKyZWlgjWw1oJgLa4GCZD
131,"Oh Lord","MiC LOWRY",519355,https://open.spotify.com/track/1sTUEdVO85YU8Ymk2jeAls
132,Roses,"The Chainsmokers",516196,https://open.spotify.com/track/3vv9phIu6Y1vX3jcqaGz5Z
133,"That's What I Like","Bruno Mars",511904,https://open.spotify.com/track/0KKkJNfGyhkQ5aFogxQAPU
134,"Hear Me Now",Alok,511018,https://open.spotify.com/track/1a5Yu5L18qNxVhXx38njON
135,"Thinking Out Loud","Ed Sheeran",510431,https://open.spotify.com/track/34gCuhDGsG4bRPIf9bb02f
136,"Ay Mi Dios",IAmChino,506861,https://open.spotify.com/track/6stYbAJgTszHAHZMPxWWCY
137,"Taped Up Heart (feat. Clara Mae)",KREAM,505253,https://open.spotify.com/track/26hcyzSE154xMZCbFdtInA
138,"Black Barbies","Nicki Minaj",499222,https://open.spotify.com/track/3y9cCbnBn0zjkJa2YkOj70
139,"Rockin' Around The Christmas Tree - Single Version","Brenda Lee",497525,https://open.spotify.com/track/3T7dNA7O8c3Axj5WyDNcH3
140,"Fast Car - Radio Edit","Jonas Blue",493008,https://open.spotify.com/track/6OZh916QF8XNunWaP97WEZ
141,"Let Me Hold You (Turn Me On)","Dante Klein",491212,https://open.spotify.com/track/0lmdsH1MIoLsMymnNpd6HU
142,Hello,Adele,486010,https://open.spotify.com/track/4sPmO7WMQUAf45kwMOtONw
143,"Wake Up Where You Are","State of Sound",484816,https://open.spotify.com/track/2s76aKBWKShlwPC4xTtEEE
144,"Miss You","James Hersey",480696,https://open.spotify.com/track/6giHzoNmL0kwyBZAXGIIc2
145,"No Role Modelz","J. Cole",480148,https://open.spotify.com/track/62vpWI1CHwFy7tMIcSStl8
146,Stitches,"Shawn Mendes",473045,https://open.spotify.com/track/1WP1r7fuvRqZRnUaTi2I1Q
147,"Million Reasons","Lady Gaga",472448,https://open.spotify.com/track/50PWlIBU7PlGGwzgN8TiFJ
148,"What Do You Mean?","Justin Bieber",470189,https://open.spotify.com/track/3pzjHKrQSvXGHQ98dx18HI
149,"The Hills","The Weeknd",468556,https://open.spotify.com/track/25khomWgBVamSdKw7hzm3l
150,"White Christmas","Bing Crosby",467403,https://open.spotify.com/track/01h424WG38dgY34vkI3Yd0
151,"Solo Dance","Martin Jensen",466127,https://open.spotify.com/track/3R6dPfF2yBO8mHySW1XDAa
152,"Versace On The Floor","Bruno Mars",460752,https://open.spotify.com/track/0kN8xEmgMW9mh7UmDYHlJP
153,Sex,"Cheat Codes",451109,https://open.spotify.com/track/5ZEM9j0jrFr5RdHEbl2MYV
154,"Andas En Mi Cabeza","Chino & Nacho",450064,https://open.spotify.com/track/5mey7CLLuFToM2P68Qu1gF
155,"Used to This",Future,446477,https://open.spotify.com/track/3V8sM5OOG6YfDuDLa2IIYJ
156,"Let It Go","James Bay",444544,https://open.spotify.com/track/13HVjjWUZFaWilh2QUJKsP
157,"Lush Life","Zara Larsson",441612,https://open.spotify.com/track/0r4SsYcwvd8URat6AS2m6f
158,"Low Life",Future,441422,https://open.spotify.com/track/7EiZI6JVHllARrX9PUvAdX
159,"Come First","Terror Jr",437452,https://open.spotify.com/track/5fo4LbJ8lOaB54wcM5wPMv
160,PILLOWTALK,ZAYN,437415,https://open.spotify.com/track/0PDUDa38GO8lMxLCRc4lL1
161,"in my miNd","Maty Noyes",437297,https://open.spotify.com/track/0F1Rc18rZcJOALxIIQPTYd
162,"You Was Right","Lil Uzi Vert",436556,https://open.spotify.com/track/2ANLarE8yHVsLWW21nj79M
163,"Love On The Brain",Rihanna,436141,https://open.spotify.com/track/2aksifNn5ph8igDOkPBA02
164,"Hotline Bling",Drake,433559,https://open.spotify.com/track/2FBUoWkIuQXwayw2RNo5l6
165,"No Problem (feat. Lil Wayne & 2 Chainz)","Chance The Rapper",433458,https://open.spotify.com/track/0v9Wz8o0BT8DU38R4ddjeH
166,"Let It Snow! Let It Snow! Let It Snow!","Frank Sinatra",433409,https://open.spotify.com/track/7inXu0Eaeg02VsM8kHNvzM
167,"Lighthouse - Andrelli Remix","Hearts & Colors",433049,https://open.spotify.com/track/04CttTezSnv71USiiG9mIo
168,"Lose Yourself - Soundtrack Version",Eminem,432535,https://open.spotify.com/track/7w9bgPAmPTtrkt2v16QWvQ
169,"Cuatro Babys",Maluma,428992,https://open.spotify.com/track/0JoHqmlqE0W0i9prt6kcHR
170,"Borro Cassette",Maluma,428653,https://open.spotify.com/track/6DUdDIRgLqCGq1DwkNWQTN
171,"Do They Know It's Christmas? - 1984 Version","Band Aid",425367,https://open.spotify.com/track/39nFRFg7LXX4v4CrYYP6j1
172,"Dile Que Tu Me Quieres",Ozuna,417925,https://open.spotify.com/track/7eWjKYlhZyM8kPz6JJ35aN
173,Gold,Kiiara,415430,https://open.spotify.com/track/6ZSO7kPn8IMJFymyticbJO
174,"No Money",Galantis,412316,https://open.spotify.com/track/0gb1J5UrTpzaU1s3nupgCd
175,"Please Don't Go","Joel Adams",411758,https://open.spotify.com/track/3cNjgVBKTJ1SvKhunrCdVy
176,"Hymn For The Weekend",Coldplay,406256,https://open.spotify.com/track/3RiPr603aXAoi4GHyXx0uy
177,Jumpman,Drake,405383,https://open.spotify.com/track/27GmP9AWRs744SzKcpJsTZ
178,"Can't Feel My Face","The Weeknd",404353,https://open.spotify.com/track/6RsWqX8zABZLhZydXxEFOm
179,"Would I Lie To You - Radio Edit","David Guetta",401802,https://open.spotify.com/track/4PdJSsESm34djLfBde9Pr2
180,"Never Be Like You",Flume,401515,https://open.spotify.com/track/12REd1n8PeiHHWOh066tpr
181,"Shaky Shaky","Daddy Yankee",392218,https://open.spotify.com/track/58IL315gMSTD37DOZPJ2hf
182,"On Hold","The xx",390484,https://open.spotify.com/track/4w2iAP3X4FkpPb5kjRdIDx
183,"What They Want",Russ,385825,https://open.spotify.com/track/3aWhZ1zeqy1kdjXiyMh22T
184,"Fairytale of New York (feat. Kirsty MacColl)","The Pogues",385135,https://open.spotify.com/track/3VTNVsTTu05dmTsVFrmGpK
185,"Somebody Else",VÉRITÉ,381086,https://open.spotify.com/track/34i4yxPrHWquuR4kjiivFO
186,"The Scientist",Coldplay,379248,https://open.spotify.com/track/75JFxkI2RXiU7L9VXzMkle
187,Famous,"Kanye West",376700,https://open.spotify.com/track/19a3JfW8BQwqHWUMbcqSx8
188,Vacaciones,Wisin,375935,https://open.spotify.com/track/3dQDid3IUNhZy1OehIfYfE
189,"One Night","Lil Yachty",373803,https://open.spotify.com/track/40yJGQyEaBbIkXpwMFkXip
190,Swang,"Rae Sremmurd",373319,https://open.spotify.com/track/6mapJIPnQ23RTAevUoE0DL
191,"'Till I Collapse",Eminem,372446,https://open.spotify.com/track/6yr8GiTHWvFfi4o6Q5ebdT
192,"That's My Girl","Fifth Harmony",370670,https://open.spotify.com/track/2ACOWPLUe4A4KuQ5ioD2od
193,Bobo,"J Balvin",369957,https://open.spotify.com/track/7AtlMCIauSQZqiXSlbBPW6
194,"Let Her Go",Passenger,368363,https://open.spotify.com/track/7DFNE7NO0raLIUbgzY2rzm
195,"All of Me","John Legend",367685,https://open.spotify.com/track/3U4isOIWM3VvDubwSI3y7a
196,"Blue Christmas","Elvis Presley",367576,https://open.spotify.com/track/3QiAAp20rPC3dcAtKtMaqQ
197,"The Christmas Song (Merry Christmas To You)","Nat King Cole",367542,https://open.spotify.com/track/4cqLCCMzG6GQ9Bch2PBzFp
198,"Adventure Of A Lifetime",Coldplay,366055,https://open.spotify.com/track/69uxyAqqPIsUyTO8txoP2M
199,LUV,"Tory Lanez",363779,https://open.spotify.com/track/16Ah4QqH4mgYVXqfC4mdSd
200,"Happy Xmas (War Is Over) - 2010 Digital Remaster","John Lennon",363623,https://open.spotify.com/track/3zJw3rugfpVrmBeDDnUYzy
